scenario_id,selected,track_id,type,direction,scenario_type,constraint_agents,start_time,end_time
1,s,25,Pedestrian,,placeholder,1;2;3;4;5;6;7;8;9;10;11;12;13;14;15;16;17;18;19;20;21;22;23;24;26;27;28;29,0,3.003
2,s,75,Pedestrian,,placeholder,21;26;35;38;40;45;51;65;69;70;71;72;73;74;76;77;78;79;80;81;82;83;84;85;86;87;88;89;90;91;92;93;94;95;96;97;98;99;100;101;102;103;104;105;106;107;108;109;110;111;112;113;114;115;116;117;118;119;120;121;122;123;124;125;126;127;128;129;130;131;132;133;134;135;136,59.059,120.453667
3,s,81,Pedestrian,,placeholder,21;26;35;38;40;45;51;65;69;70;71;72;73;74;75;76;77;78;79;80;82;83;84;85;86;87;88;89;90;91;92;93;94;95;96;97;98;99;100;101;102;103;104;105;106;107;108;109;110;111;112;113;114;115;116;117;118;119;120;121;122;123;124;125;126;127;128;129;130;131;132;133;134;135;136;137;138;139;140;141;142;143;144;145;146;147;148;149;150;151;152;153;154;155;156;157;158;159;160;161;162;163;164;165;166;167;168;169;170;171;172;173;174;175;176;177;178;179;180;181;182;183;184;185;186;187;188;189;190;191;192;193;194;195;196;197;198;199;200;201;202;203;204,62.395667,183.349833
4,s,118,Pedestrian,,placeholder,65;72;75;80;81;88;90;94;96;99;103;104;105;109;111;112;113;114;115;116;117;119;120;121;122;123;124;125;126;127;128;129;130,93.5935,108.6085
5,s,152,Pedestrian,,placeholder,81;121;131;132;134;135;136;137;139;141;142;143;144;145;146;147;148;149;150;151;153;154;155;156;157;158;159;160;161;162;163;164;165;166;167;168;169;170;171;172;173;174;175;176;177;178;179;180;181;182;183;184;185;186;187;188;189;190;191;192;193;194;195;196;197;198;199;200;201;202;203;204;205;206;207;208;209;210;211;212;213;214;215;216;217;218,133.967167,200.533667
6,s,161,Pedestrian,,placeholder,81;131;134;135;136;137;139;141;143;144;145;146;148;149;150;151;152;153;154;155;156;157;158;159;160;162;163;164;165;166;167;168;169;170;171;172;173;174;175;176;177;178;179;180;181;182;183;184;185;186;187;188;189;190;191;192;193;194;195;196;197;198;199;200;201;202;203;204;205;206;207;208;209;210;211;212;213;214;215;216;217;218,138.471667,199.199
7,s,185,Pedestrian,,placeholder,81;131;134;136;137;141;149;150;152;155;160;161;173;175;177;178;179;182;184;186;187;188;189;190;191;192;193;194;195;196;197;198;199;200;201;202;203;204;205;206;207;208;209;210;211;212;213;214;215;216;217;218,168.835333,200.533667
