id,agent_type,type,sim_state,tick_count,sim_time,delta_time,x,x_vel,x_acc,y,y_vel,y_acc,s,s_vel,s_acc,d,d_vel,d_acc,yaw
14,pedestrian,1,2,1,28.028,0.0,-29.799535899190232,-1.3648160128877591,0,6.162283367477357,1.2653926711010581,0,0.0,0.0,0.0,0.0,0.0,0.0,216.0222774981743
14,pedestrian,1,2,2,28.061965999999998,0.033966,-29.850433519343145,-1.6116423856948003,0,6.121565270259176,0.9233826424492528,0,0.0,0.0,0.0,0.0,0.0,0.0,216.2496397073794
14,pedestrian,1,2,3,28.095409,0.033443,-29.90054887629406,-1.7704183259541613,0,6.081675581280435,0.5516660268428812,0,0.0,0.0,0.0,0.0,0.0,0.0,216.4678659872807
14,pedestrian,1,2,4,28.128894,0.033485,-29.950725697731773,-1.8448459419674454,0,6.051331529407386,0.15479820185835136,0,0.0,0.0,0.0,0.0,0.0,0.0,216.68622357374906
14,pedestrian,1,2,5,28.162346,0.033452,-30.000853107808148,-1.8329658120697858,0,6.011229599844877,-0.2374339697231933,0,0.0,0.0,0.0,0.0,0.0,0.0,216.89875816556204
14,pedestrian,1,2,6,28.195846999999997,0.033501,-30.051055363843773,-1.7385676791306999,0,5.971067796628784,-0.6182514084610808,0,0.0,0.0,0.0,0.0,0.0,0.0,217.11161009335285
