id,agent_type,type,sim_state,tick_count,sim_time,delta_time,x,x_vel,x_acc,y,y_vel,y_acc,s,s_vel,s_acc,d,d_vel,d_acc,yaw
65,pedestrian,1,2,1,204.370833,0.0,-10.021744805620983,-1.651382330868794,0,10.355987640097737,-0.5387934672773679,0,0.0,0.0,0.0,0.0,0.0,0.0,292.4834952583826
65,pedestrian,1,2,2,204.40431900000002,0.033486,-10.001673477875936,-1.7186696985460002,0,10.305809319466386,-0.29786626293809,0,0.0,0.0,0.0,0.0,0.0,0.0,292.33972452677006
65,pedestrian,1,2,3,204.437756,0.033437,-9.981574872233459,-1.7511898889971869,0,10.255647775399538,-0.03910307800746916,0,0.0,0.0,0.0,0.0,0.0,0.0,292.1904429554352
65,pedestrian,1,2,4,204.47127600000002,0.03352,-9.951539213092238,-1.7446625585255244,0,10.19547366090523,0.223461902769894,0,0.0,0.0,0.0,0.0,0.0,0.0,292.0407275136346
65,pedestrian,1,2,5,204.50478,0.033504,-9.931457096462596,-1.695964036451274,0,10.145124510995862,0.49268615724599457,0,0.0,0.0,0.0,0.0,0.0,0.0,291.8853937392054
65,pedestrian,1,2,6,204.538236,0.033456,-9.911403739409437,-1.6047034010586678,0,10.085134977074471,0.7532989833363117,0,0.0,0.0,0.0,0.0,0.0,0.0,291.7292076373785
65,pedestrian,1,2,7,204.571688,0.033452,-9.891155899741257,-1.4101039230462005,0,10.034809830327605,1.0860328839619637,0,0.0,0.0,0.0,0.0,0.0,0.0,291.5118224063293
65,pedestrian,1,2,8,204.605179,0.033491,-9.861277877978806,-1.207259043716391,0,9.974820320139392,1.316923595401686,0,0.0,0.0,0.0,0.0,0.0,0.0,291.3392962920542
