id,agent_type,type,sim_state,tick_count,sim_time,delta_time,x,x_vel,x_acc,y,y_vel,y_acc,s,s_vel,s_acc,d,d_vel,d_acc,yaw
105,pedestrian,1,2,1,112.879433,0.0,6.94046410091687,-1.5855212797054423,0,23.722283367998898,-0.687239605005151,0,0.0,0.0,0.0,0.0,0.0,0.0,198.32934078453445
105,pedestrian,1,2,2,112.912867,0.033434,6.88036370249701,-1.2368264731152594,0,23.702263288725028,-1.200983055306758,0,0.0,0.0,0.0,0.0,0.0,0.0,198.69105200953402
105,pedestrian,1,2,3,112.946335,0.033468,6.830161997455731,-0.7115266034542713,0,23.692182666422976,-1.5655632649424842,0,0.0,0.0,0.0,0.0,0.0,0.0,199.06460193437016
