id,agent_type,type,sim_state,tick_count,sim_time,delta_time,x,x_vel,x_acc,y,y_vel,y_acc,s,s_vel,s_acc,d,d_vel,d_acc,yaw
118,pedestrian,1,2,1,194.027167,0.0,-28.779535898240283,0.7066729302806982,0,9.022283366881311,1.525704878589872,0,0.0,0.0,0.0,0.0,0.0,0.0,208.48215291425265
118,pedestrian,1,2,2,194.060645,0.033478,-28.829703728316066,-0.6331903289131842,0,8.992182668328068,1.5491307195173798,0,0.0,0.0,0.0,0.0,0.0,0.0,209.30423273123216
118,pedestrian,1,2,3,194.094131,0.033486,-28.879882049301525,-1.5582326944863052,0,8.962144907138937,0.588026347847835,0,0.0,0.0,0.0,0.0,0.0,0.0,210.12648443383335
118,pedestrian,1,2,4,194.13076099999998,0.03663,-28.934771767539345,-1.3274701393225288,0,8.939141846304187,-0.8253397125520276,0,0.0,0.0,0.0,0.0,0.0,0.0,211.06373904845066
118,pedestrian,1,2,5,194.164345,0.033584,-28.983985804853766,0.23372129979074946,0,8.908945937424114,-1.5870366216838248,0,0.0,0.0,0.0,0.0,0.0,0.0,212.21094600082859
118,pedestrian,1,2,6,194.197823,0.033478,-29.025264612521365,1.310363975623735,0,8.878846138894088,-0.9137209569857709,0,0.0,0.0,0.0,0.0,0.0,0.0,213.026596162256
118,pedestrian,1,2,7,194.23130899999998,0.033486,-29.074261667699545,1.5577893051779181,0,8.848739041186334,0.31853960827051064,0,0.0,0.0,0.0,0.0,0.0,0.0,213.83735070151164
118,pedestrian,1,2,8,194.26478,0.033471,-29.11560027375327,0.9299151794050268,0,8.817431866705496,1.3353028484383627,0,0.0,0.0,0.0,0.0,0.0,0.0,214.5914715357056
118,pedestrian,1,2,9,194.298236,0.033456,-29.16449409101324,0.3340468281259415,0,8.778564722340628,1.5406234312082034,0,0.0,0.0,0.0,0.0,0.0,0.0,214.99297986276144
