scenario_id,selected,track_id,type,direction,scenario_type,constraint_agents,start_time,end_time
,,9,,,,,0,18.5185
,,13,,,,,0,4.170833
,,14,,,,,0,45.712333
,,81,,,,,72.405667,183.349833
,,112,,,,,101.101,179.512667
,,167,,,,,161.995167,261.928333
,,168,,,,,161.995167,261.928333
,,189,,,,,194.6945,209.209
,,191,,,,,194.6945,208.374833
,,196,,,,,198.198,261.928333
,,247,,,,,235.568667,261.928333
,,250,,,,,242.242,261.928333
