scenario_id,selected,track_id,type,direction,scenario_type,constraint_agents,start_time,end_time
,,22,,,,,7.173833,110.777333
,,35,,,,,28.361667,57.223833
,,45,,,,,41.374667,164.164
,,51,,,,,50.05,88.922167
,,53,,,,,50.717333,151.985167
,,109,,,,,94.928167,175.6755
,,117,,,,,102.268833,112.6125
,,143,,,,,138.972167,159.993167
,,149,,,,,143.6435,165.6655
,,151,,,,,144.6445,163.329833
,,178,,,,,180.6805,188.188
