scenario_id,selected,track_id,type,direction,scenario_type,constraint_agents,start_time,end_time
,,16,,,,,0,88.755333
,,17,,,,,0,87.420667
,,19,,,,,0,4.337667
,,21,,,,,0,89.756333
,,101,,,,,89.255833,125.6255
,,116,,,,,103.6035,210.376833
,,123,,,,,107.941167,205.371833
,,166,,,,,142.976167,164.6645
,,195,,,,,189.6895,257.924333
,,203,,,,,196.362833,257.924333
,,204,,,,,196.362833,257.924333
,,237,,,,,227.894333,257.924333
,,241,,,,,235.568667,257.924333
,,248,,,,,249.249,257.924333
